<?xml version="1.0" encoding="UTF-8"?>

<!-- generated on 2025-05-10 11:46:48 by Eclipse SUMO GUI Version 1.20.0
<configuration xmlns:xsi="http://www.w3.org/2001/XMLSchema-instance" xsi:noNamespaceSchemaLocation="http://sumo.dlr.de/xsd/sumoConfiguration.xsd">

    <input>
        <net-file value="F:\sumo_use\tsc_ddqn_prb_1Con_new\nets_0\fxy.net.xml"/>
        <route-files value="F:\sumo_use\tsc_ddqn_prb_1Con_new\nets_0\fxy_routes_3000.rou.xml"/>
        <additional-files value="F:\sumo_use\tsc_ddqn_prb_1Con_new\nets_0\fxy.add.xml"/>
    </input>

    <time>
        <begin value="0"/>
        <end value="6000"/>
    </time>

</configuration>
-->

<detector xmlns:xsi="http://www.w3.org/2001/XMLSchema-instance" xsi:noNamespaceSchemaLocation="http://sumo.dlr.de/xsd/det_e1_file.xsd">
</detector>
